1,2,3,4,5
a,b,a,c,k
a,b,a,s,e
a,b,a,t,e
a,b,a,y,a
a,b,b,e,y
a,b,b,o,t
a,b,e,t,s
a,b,h,o,r
a,b,i,d,e
a,b,o,d,e
a,b,o,r,t
a,b,o,u,t
a,b,o,v,e
a,b,u,s,e
a,b,u,t,s
a,b,y,s,s
a,c,h,e,d
a,c,h,e,s
a,c,i,d,s
a,c,i,n,g
a,c,k,e,e
a,c,o,r,n
a,c,r,e,s
a,c,r,i,d
a,c,t,e,d
a,c,t,i,n
a,c,t,o,r
a,c,u,t,e
a,d,a,g,e
a,d,a,p,t
a,d,d,e,d
a,d,d,e,r
a,d,d,l,e
a,d,e,p,t
a,d,i,e,u
a,d,i,o,s
a,d,i,t,s
a,d,m,a,n
a,d,m,i,n
a,d,m,i,t
a,d,o,b,e
a,d,o,b,o
a,d,o,p,t
a,d,o,r,e
a,d,o,r,n
a,d,u,l,t
a,d,z,e,s
a,e,g,i,s
a,e,o,n,s
a,e,r,i,e
a,f,f,i,x
a,f,i,r,e
a,f,o,o,t
a,f,o,r,e
a,f,t,e,r
a,g,a,i,n
a,g,a,p,e
a,g,a,t,e
a,g,a,v,e
a,g,e,n,t
a,g,g,r,o
a,g,i,l,e
a,g,i,n,g
a,g,l,o,w
a,g,o,n,y
a,g,o,r,a
a,g,r,e,e
a,h,e,a,d
a,h,o,l,d
a,i,d,e,d
a,i,d,e,r
a,i,d,e,s
a,i,l,e,d
a,i,m,e,d
a,i,m,e,r
a,i,o,l,i
a,i,r,e,d
a,i,s,l,e
a,l,a,r,m
a,l,b,u,m
a,l,d,e,r
a,l,e,p,h
a,l,e,r,t
a,l,g,a,e
a,l,g,a,l
a,l,i,a,s
a,l,i,b,i
a,l,i,e,n
a,l,i,g,n
a,l,i,k,e
a,l,i,v,e
a,l,k,y,d
a,l,k,y,l
a,l,l,a,y
a,l,l,e,y
a,l,l,o,t
a,l,l,o,w
a,l,l,o,y
a,l,l,y,l
a,l,o,e,s
a,l,o,f,t
a,l,o,h,a
a,l,o,n,e
a,l,o,n,g
a,l,o,o,f
a,l,o,u,d
a,l,p,h,a
a,l,t,a,r
a,l,t,e,r
a,l,t,o,s
a,l,u,m,s
a,m,a,s,s
a,m,a,z,e
a,m,b,e,r
a,m,b,i,t
a,m,b,l,e
a,m,b,o,s
a,m,e,n,d
a,m,i,d,e
a,m,i,n,e
a,m,i,n,o
a,m,i,s,s
a,m,i,t,y
a,m,n,i,o
a,m,o,n,g
a,m,o,u,r
a,m,p,e,d
a,m,p,l,e
a,m,p,l,y
a,m,u,s,e
a,n,c,h,o
a,n,g,e,l
a,n,g,e,r
a,n,g,l,e
a,n,g,r,y
a,n,g,s,t
a,n,i,m,a
a,n,i,m,e
a,n,i,o,n
a,n,i,s,e
a,n,k,l,e
a,n,n,a,s
a,n,n,e,x
a,n,n,o,y
a,n,n,u,l
a,n,o,d,e
a,n,o,l,e
a,n,t,i,c
a,n,t,i,s
a,n,t,s,y
a,n,v,i,l
a,o,r,t,a
a,p,a,c,e
a,p,a,r,t
a,p,h,i,d
a,p,n,e,a
a,p,p,l,e
a,p,p,l,y
a,p,r,o,n
a,p,s,e,s
a,p,t,e,r
a,p,t,l,y
a,q,u,a,s
a,r,b,o,r
a,r,d,o,r
a,r,e,a,l
a,r,e,a,s
a,r,e,c,a
a,r,e,n,a
a,r,g,o,n
a,r,g,o,t
a,r,g,u,e
a,r,g,u,s
a,r,i,a,s
a,r,i,l,s
a,r,i,s,e
a,r,m,e,d
a,r,m,o,r
a,r,o,m,a
a,r,o,s,e
a,r,r,a,y
a,r,r,o,w
a,r,s,e,s
a,r,s,o,n
a,r,t,s,y
a,s,a,n,a
a,s,c,o,t
a,s,h,e,n
a,s,h,e,s
a,s,i,d,e
a,s,k,e,d
a,s,k,e,r
a,s,k,e,w
a,s,p,e,n
a,s,p,i,c
a,s,s,a,y
a,s,s,e,s
a,s,s,e,t
a,s,t,e,r
a,s,t,i,r
a,s,u,r,a
a,t,l,a,s
a,t,m,a,n
a,t,o,l,l
a,t,o,m,s
a,t,o,n,e
a,t,o,p,y
a,t,t,i,c
a,u,d,i,o
a,u,d,i,t
a,u,g,e,r
a,u,g,h,t
a,u,g,u,r
a,u,n,t,s
a,u,n,t,y
a,u,r,a,l
a,u,r,a,s
a,u,t,o,s
a,u,x,i,n
a,v,a,i,l
a,v,e,r,s
a,v,e,r,t
a,v,i,a,n
a,v,o,i,d
a,v,o,w,s
a,w,a,i,t
a,w,a,k,e
a,w,a,r,d
a,w,a,r,e
a,w,a,s,h
a,w,f,u,l
a,w,o,k,e
a,x,e,l,s
a,x,i,a,l
a,x,i,l,s
a,x,i,n,g
a,x,i,o,m
a,x,i,o,n
a,x,l,e,s
a,x,o,n,s
a,z,i,d,e
a,z,o,l,e
a,z,u,r,e
b,a,b,e,l
b,a,b,e,s
b,a,b,k,a
b,a,c,k,s
b,a,c,o,n
b,a,d,d,y
b,a,d,g,e
b,a,d,l,y
b,a,g,e,l
b,a,g,g,y
b,a,i,l,s
b,a,i,r,n
b,a,i,t,s
b,a,i,z,e
b,a,k,e,d
b,a,k,e,r
b,a,k,e,s
b,a,l,d,y
b,a,l,e,d
b,a,l,e,r
b,a,l,e,s
b,a,l,k,s
b,a,l,k,y
b,a,l,l,s
b,a,l,m,s
b,a,l,m,y
b,a,l,s,a
b,a,n,a,l
b,a,n,d,s
b,a,n,d,y
b,a,n,e,s
b,a,n,g,s
b,a,n,j,o
b,a,n,k,s
b,a,r,b,s
b,a,r,d,s
b,a,r,e,d
b,a,r,e,r
b,a,r,e,s
b,a,r,g,e
b,a,r,k,s
b,a,r,m,y
b,a,r,n,s
b,a,r,o,n
b,a,r,r,e
b,a,s,a,l
b,a,s,e,d
b,a,s,e,r
b,a,s,e,s
b,a,s,i,c
b,a,s,i,l
b,a,s,i,n
b,a,s,i,s
b,a,s,k,s
b,a,s,s,o
b,a,s,s,y
b,a,s,t,e
b,a,t,c,h
b,a,t,e,d
b,a,t,h,e
b,a,t,h,s
b,a,t,i,k
b,a,t,o,n
b,a,t,t,s
b,a,t,t,y
b,a,w,d,y
b,a,w,l,s
b,a,y,e,d
b,a,y,o,u
b,e,a,c,h
b,e,a,d,s
b,e,a,d,y
b,e,a,k,s
b,e,a,m,s
b,e,a,m,y
b,e,a,n,s
b,e,a,r,d
b,e,a,r,s
b,e,a,s,t
b,e,a,t,s
b,e,a,u,s
b,e,a,u,t
b,e,a,u,x
b,e,b,o,p
b,e,c,k,s
b,e,e,c,h
b,e,e,f,s
b,e,e,f,y
b,e,e,p,s
b,e,e,r,s
b,e,e,r,y
b,e,e,t,s
b,e,f,i,t
b,e,g,a,n
b,e,g,e,t
b,e,g,i,n
b,e,g,u,n
b,e,i,g,e
b,e,i,n,g
b,e,l,a,y
b,e,l,c,h
b,e,l,i,e
b,e,l,l,e
b,e,l,l,s
b,e,l,l,y
b,e,l,o,w
b,e,l,t,s
b,e,n,c,h
b,e,n,d,s
b,e,n,d,y
b,e,n,t,o
b,e,n,t,s
b,e,r,e,t
b,e,r,g,s
b,e,r,m,s
b,e,r,r,y
b,e,r,t,h
b,e,r,y,l
b,e,s,e,t
b,e,s,t,s
b,e,t,a,s
b,e,t,e,l
b,e,t,t,a
b,e,v,e,l
b,e,z,e,l
b,h,a,j,i
b,i,b,l,e
b,i,c,e,p
b,i,d,d,y
b,i,d,e,d
b,i,d,e,s
b,i,d,e,t
b,i,g,h,t
b,i,g,o,t
b,i,j,o,u
b,i,k,e,d
b,i,k,e,r
b,i,k,e,s
b,i,l,e,s
b,i,l,g,e
b,i,l,l,s
b,i,l,l,y
b,i,m,b,o
b,i,n,d,i
b,i,n,d,s
b,i,n,g,e
b,i,n,g,o
b,i,o,m,e
b,i,o,t,a
b,i,p,o,d
b,i,r,c,h
b,i,r,d,s
b,i,r,t,h
b,i,s,o,n
b,i,t,c,h
b,i,t,e,r
b,i,t,e,s
b,i,t,s,y
b,i,t,t,y
b,l,a,c,k
b,l,a,d,e
b,l,a,m,e
b,l,a,n,d
b,l,a,n,k
b,l,a,r,e
b,l,a,s,e
b,l,a,s,t
b,l,a,z,e
b,l,e,a,k
b,l,e,a,t
b,l,e,b,s
b,l,e,e,d
b,l,e,e,p
b,l,e,n,d
b,l,e,s,s
b,l,i,m,p
b,l,i,n,d
b,l,i,n,g
b,l,i,n,i
b,l,i,n,k
b,l,i,p,s
b,l,i,s,s
b,l,i,t,z
b,l,o,a,t
b,l,o,b,s
b,l,o,c,k
b,l,o,c,s
b,l,o,g,s
b,l,o,k,e
b,l,o,n,d
b,l,o,o,d
b,l,o,o,m
b,l,o,o,p
b,l,o,t,s
b,l,o,w,n
b,l,o,w,s
b,l,u,e,d
b,l,u,e,s
b,l,u,e,y
b,l,u,f,f
b,l,u,n,t
b,l,u,r,b
b,l,u,r,s
b,l,u,r,t
b,l,u,s,h
b,o,a,r,d
b,o,a,r,s
b,o,a,s,t
b,o,a,t,s
b,o,b,b,y
b,o,c,c,e
b,o,c,h,e
b,o,d,e,d
b,o,d,e,s
b,o,f,f,o
b,o,g,e,y
b,o,g,g,y
b,o,g,i,e
b,o,g,u,s
b,o,i,l,s
b,o,l,a,s
b,o,l,e,s
b,o,l,l,s
b,o,l,t,s
b,o,l,u,s
b,o,m,b,e
b,o,m,b,s
b,o,n,d,s
b,o,n,e,d
b,o,n,e,r
b,o,n,e,s
b,o,n,e,y
b,o,n,g,o
b,o,n,g,s
b,o,n,k,s
b,o,n,n,y
b,o,n,u,s
b,o,o,b,s
b,o,o,b,y
b,o,o,e,d
b,o,o,k,s
b,o,o,m,s
b,o,o,m,y
b,o,o,n,s
b,o,o,r,s
b,o,o,s,t
b,o,o,t,h
b,o,o,t,s
b,o,o,t,y
b,o,o,z,e
b,o,o,z,y
b,o,p,p,y
b,o,r,a,x
b,o,r,e,d
b,o,r,e,r
b,o,r,e,s
b,o,r,i,c
b,o,r,n,e
b,o,r,o,n
b,o,s,o,m
b,o,s,o,n
b,o,s,s,y
b,o,s,u,n
b,o,t,c,h
b,o,u,g,h
b,o,u,l,e
b,o,u,n,d
b,o,u,t,s
b,o,w,e,d
b,o,w,e,l
b,o,w,e,r
b,o,w,l,s
b,o,x,e,d
b,o,x,e,r
b,o,x,e,s
b,o,y,a,r
b,o,y,o,s
b,o,z,o,s
b,r,a,c,e
b,r,a,c,t
b,r,a,d,s
b,r,a,g,s
b,r,a,i,d
b,r,a,i,n
b,r,a,k,e
b,r,a,n,d
b,r,a,n,s
b,r,a,s,h
b,r,a,s,s
b,r,a,t,s
b,r,a,v,e
b,r,a,v,o
b,r,a,w,l
b,r,a,w,n
b,r,a,y,s
b,r,a,z,e
b,r,e,a,d
b,r,e,a,k
b,r,e,a,m
b,r,e,e,d
b,r,e,w,s
b,r,i,a,r
b,r,i,b,e
b,r,i,c,k
b,r,i,d,e
b,r,i,e,f
b,r,i,e,r
b,r,i,g,s
b,r,i,m,s
b,r,i,n,e
b,r,i,n,g
b,r,i,n,k
b,r,i,n,y
b,r,i,s,k
b,r,i,t,s
b,r,o,a,d
b,r,o,c,h
b,r,o,i,l
b,r,o,k,e
b,r,o,m,e
b,r,o,n,c
b,r,o,o,d
b,r,o,o,k
b,r,o,o,m
b,r,o,t,h
b,r,o,w,n
b,r,o,w,s
b,r,u,i,n
b,r,u,i,t
b,r,u,n,t
b,r,u,s,h
b,r,u,t,e
b,u,b,b,a
b,u,c,k,s
b,u,d,d,y
b,u,d,g,e
b,u,f,f,s
b,u,g,g,y
b,u,g,l,e
b,u,i,l,d
b,u,i,l,t
b,u,l,b,s
b,u,l,g,e
b,u,l,k,s
b,u,l,k,y
b,u,l,l,a
b,u,l,l,s
b,u,l,l,y
b,u,m,p,s
b,u,m,p,y
b,u,n,c,h
b,u,n,d,s
b,u,n,d,t
b,u,n,k,s
b,u,n,n,y
b,u,n,t,s
b,u,o,y,s
b,u,r,b,s
b,u,r,g,s
b,u,r,k,a
b,u,r,l,y
b,u,r,n,s
b,u,r,n,t
b,u,r,p,s
b,u,r,q,a
b,u,r,r,o
b,u,r,r,s
b,u,r,s,a
b,u,r,s,t
b,u,s,e,d
b,u,s,e,s
b,u,s,h,y
b,u,s,t,s
b,u,s,t,y
b,u,t,c,h
b,u,t,t,e
b,u,t,t,s
b,u,x,o,m
b,u,y,e,r
b,u,z,z,y
b,y,l,a,w
b,y,r,e,s
b,y,t,e,s
b,y,w,a,y
c,a,b,a,l